imgNum,AverageMAE,RMSE,Accuracy,times
459.0,3.8347297649757537,5.757964247479899,0.9249500717722392,3.144018982490423
