imgNum,AverageMAE,RMSE,Accuracy,times
25.0,4.621004536747932,6.4665964082794956,0.9068172219749825,0.4095925235748291
